first name,last name,address,city,zipcode,state,country,email,phone,roleAmanda,Long,10 Napa Ct.,Lebanon,97355,Oregon,UK,ALong@gmail.com,8185644564,presenterChristian,Shan,1000 Bidweld Street,Haney,97355,British Columbia,UK,CShan@gmail.com,8185644564,presenterTroy,Sara,1002 N. Spoonwood Court,Hervey Bay,97355,Queensland,UK,TSara@gmail.com,8185644564,presenterKaitlyn,Baker,1003 Matterhorn Ct,Lebanon,97355,Oregon,UK,KBaker@gmail.com,8185644564,presenterSuzanne,Ma,1005 Matterhorn Ct.,Cambridge,97355,England,UK,SMa@gmail.com,8185644564,presenterAnna,Jones,1005 Matterhorn Ct.,Mill Valley,97355,California,US,AJones@gmail.com,8185644564,presenterCarlos,Baker,1005 Tanager Court,Corvallis,97355,Oregon,US,CBaker@gmail.com,8185644564,presenterTanya,Munoz,1005 Tanager Court,Milsons Point,97355,New South Wales,US,TMunoz@gmail.com,8185644564,presenterTabitha,Gill,1006 Deercreek Ln,Bellflower,97355,California,US,TGill@gmail.com,8185644564,presenterAlexis,Lee,1006 Deercreek Ln,Torrance,97355,California,US,ALee@gmail.com,8185644564,presenterErick,Suri,101 Adobe Dr,Coffs Harbour,97355,New South Wales,US,ESuri@gmail.com,8185644564,presenterMarcus,Evans,101 Adobe Dr,Puyallup,97355,Washington,US,MEvans@gmail.com,8185644564,presenterMarcus,Clark,"101, avenue de la Gare",Peterborough,97355,England,US,MClark@gmail.com,8185644564,presenterGilbert,Xu,1010 Maple,Baltimore,97355,Maryland,US,GXu@gmail.com,8185644564,presenterPaula,Rubio,1011 Yolanda Circle,Berkeley,97355,California,US,PRubio@gmail.com,8185644564,presenterJulian,Isla,1011 Yolanda Circle,N. Vancouver,97355,British Columbia,US,JIsla@gmail.com,8185644564,presenterJesse,Scott,1013 Holiday Hills Dr.,Bremerton,97355,Washington,US,JScott@gmail.com,8185644564,presenterNaomi,Sanz,1013 Holiday Hills Dr.,Gateshead,97355,England,US,NSanz@gmail.com,8185644564,presenterIsabella,Lee,1015 Lynwood Drive,Metchosin,97355,British Columbia,US,ILee@gmail.com,8185644564,presenterDawn,Yuan,1019 Carletto Drive,Berkeley,97355,California,US,DYuan@gmail.com,8185644564,studentOlivia,Blue,1019 Mt. Davidson Court,Burien,97355,Washington,US,OBlue@gmail.com,8185644564,studentEmmanuel,Lopez,1019 Mt. Davidson Court,London,97355,England,US,ELopez@gmail.com,8185644564,studentNathan,Yang,102 Vista Place,Santa Monica,97355,California,US,NYang@gmail.com,8185644564,studentGabrielle,Wood,1020 Book Road,Bremerton,97355,Washington,US,GWood@gmail.com,8185644564,studentKatrina,Anand,1020 Carletto Drive,Matraville,97355,New South Wales,US,KAnand@gmail.com,8185644564,studentAnthony,Jones,1020 Carletto Drive,Santa Cruz,97355,California,US,AJones@gmail.com,8185644564,studentNatalie,Reed,1023 Hawkins Street,Lebanon,97355,Oregon,US,NReed@gmail.com,8185644564,studentDakota,Ross,1024 Walnut Blvd.,Colma,97355,California,US,DRoss@gmail.com,8185644564,studentShawn,Goel,1025 Holly Oak Drive,Leeds,97355,England,US,SGoel@gmail.com,8185644564,studentNicole,Diaz,1025 R St.,Kirkland,97355,Washington,US,NDiaz@gmail.com,8185644564,studentWyatt,Davis,1025 Yosemite Dr.,Oregon City,97355,Oregon,US,WDavis@gmail.com,8185644564,studentChristy,Huang,1028 Green View Court,Chula Vista,97355,California,US,CHuang@gmail.com,8185644564,studentSydney,Evans,1028 Green View Court,Oregon City,97355,Oregon,US,SEvans@gmail.com,8185644564,studentKatherine,Baker,1037 Hayes Court,Stoke-on-Trent,97355,England,US,KBaker@gmail.com,8185644564,studentEdward,Wood,1039 Adelaide St.,West Covina,97355,California,US,EWood@gmail.com,8185644564,studentJohnny,Rai,104 Hilltop Dr.,Springwood,97355,New South Wales,US,JRai@gmail.com,8185644564,studentEmily,Moore,104 Kaski Ln.,Portland,97355,Oregon,US,EMoore@gmail.com,8185644564,studentRandy,Yang,1040 Greenbush Drive,Silverwater,97355,New South Wales,US,RYang@gmail.com,8185644564,studentRoy,Ruiz,1040 Northridge Road,London,97355,England,US,RRuiz@gmail.com,8185644564,studentMarshall,Sun,1044 San Carlos,Cincinnati,97355,Ohio,US,MSun@gmail.com,8185644564,studentGabriella,Perez,1045 Lolita Drive,Torrance,97355,California,US,GPerez@gmail.com,8185644564,studentErika,Gill,1045 Lolita Drive,Townsville,97355,Queensland,US,EGill@gmail.com,8185644564,studentKathryn,Shen,1047 Las Quebradas Lane,North Sydney,97355,New South Wales,US,KShen@gmail.com,8185644564,studentSharon,Yuan,1048 Burwood Way,Hervey Bay,97355,Queensland,US,SYuan@gmail.com,8185644564,studentVictoria,Lee,1048 Las Quebradas Lane,Walla Walla,97355,Washington,US,VLee@gmail.com,8185644564,studentBrenda,Arun,1048 Las Quebradas Lane,Wollongong,97355,New South Wales,US,BArun@gmail.com,8185644564,studentAlex,Scott,105 Clark Creek Lane,Port Macquarie,97355,New South Wales,US,AScott@gmail.com,8185644564,studentYolanda,Luo,105 Woodruff Ln.,Bellingham,97355,Washington,US,YLuo@gmail.com,8185644564,studentMartin,Vance,1050 Creed Ave,London,97355,England,US,MVance@gmail.com,8185644564,studentJeremy,Roberts,"081, boulevard du Montparnasse",Seattle,97355,Washington,US,JRoberts@yahoo.com,8185644564,studentAmanda,Ramirez,1 Smiling Tree Court,Los Angeles,97355,California,US,ARamirez@yahoo.com,8185644564,studentJada,Nelson,"100, rue des Rosiers",Everett,97355,Washington,US,JNelson@yahoo.com,8185644564,studentHunter,Wright,1002 N. Spoonwood Court,Berkeley,97355,California,US,HWright@yahoo.com,8185644564,studentSierra,Wright,1005 Fremont Street,Colma,97355,California,US,SWright@yahoo.com,8185644564,studentSarah,Simmons,1005 Valley Oak Plaza,Langley,97355,British Columbia,US,SSimmons@yahoo.com,8185644564,studentMandar,Samant,1005 Valley Oak Plaza,London,97355,England,US,MSamant@yahoo.com,8185644564,studentIsaiah,Rogers,1007 Cardinet Dr.,El Cajon,97355,California,US,IRogers@yahoo.com,8185644564,studentIan,Foster,1008 Lydia Lane,Burbank,97355,California,US,IFoster@yahoo.com,8185644564,studentBen,Miller,101 Candy Rd.,Redmond,97355,Washington,US,BMiller@yahoo.com,8185644564,studentSarah,Barnes,1011 Green St.,Bellingham,97355,Washington,US,SBarnes@yahoo.com,8185644564,studentCasey,Martin,1013 Buchanan Rd,Port Macquarie,97355,New South Wales,US,CMartin@yahoo.com,8185644564,studentVictoria,Murphy,1013 Buchanan Rd,Yakima,97355,Washington,US,VMurphy@yahoo.com,8185644564,studentSydney,Rogers,1016 Park Avenue,Burbank,97355,California,US,SRogers@yahoo.com,8185644564,studentMarvin,Hernandez,1019 Book Road,Rhodes,97355,New South Wales,US,MHernandez@yahoo.com,8185644564,studentCarlos,Carter,1019 Buchanan Road,Woodland Hills,97355,California,US,CCarter@yahoo.com,8185644564,studentRebekah,Garcia,1019 Candy Rd.,Coffs Harbour,97355,New South Wales,US,RGarcia@yahoo.com,8185644564,studentHaley,Henderson,1019 Chance Drive,Sedro Woolley,97355,Washington,US,HHenderson@yahoo.com,8185644564,studentJacob,Taylor,1019 Kenwal Rd.,Lake Oswego,97355,Oregon,US,JTaylor@yahoo.com,8185644564,studentSeth,Martin,1019 Pennsylvania Blvd,Marysville,97355,Washington,US,SMartin@yahoo.com,8185644564,studentLarry,Suarez,102 Vista Place,Milton Keynes,97355,England,US,LSuarez@yahoo.com,8185644564,studentGarrett,Vargas,10203 Acorn Avenue,Calgary,97355,Alberta,US,GVargas@yahoo.com,8185644564,studentAbby,Martinez,1023 Hawkins Street,Townsville,97355,Queensland,US,AMartinez@yahoo.com,8185644564,studentJustin,Thomas,1023 Riveria Way,Burbank,97355,California,US,JThomas@yahoo.com,8185644564,studentEvelyn,Martinez,1023 Riviera Way,Oxford,97355,England,US,EMartinez@yahoo.com,8185644564,studentPamela,Chapman,1025 Yosemite Dr.,Townsville,97355,Queensland,US,PChapman@yahoo.com,8185644564,studentKayla,Griffin,1026 Mt. Wilson Pl.,Lynnwood,97355,Washington,US,KGriffin@yahoo.com,8185644564,studentJill,Navarro,1026 Mt. Wilson Pl.,South Melbourne,97355,Victoria,US,JNavarro@yahoo.com,8185644564,studentNathan,Walker,1028 Indigo Ct.,Issaquah,97355,Washington,US,NWalker@yahoo.com,8185644564,studentTabitha,Moreno,1028 Indigo Ct.,Warrnambool,97355,Victoria,US,TMoreno@yahoo.com,8185644564,studentMason,Sanchez,1028 Royal Oak Rd.,Burlingame,97355,California,US,MSanchez@yahoo.com,8185644564,presenterNatasha,Navarro,1029 Birchwood Dr,Burien,97355,Washington,US,NNavarro@yahoo.com,8185644564,presenterKevin,Russell,1029 Birchwood Dr,Olympia,97355,Washington,US,KRussell@yahoo.com,8185644564,presenterKatelyn,Rivera,1030 Ambush Dr.,Bury,97355,England,US,KRivera@yahoo.com,8185644564,presenterAlfredo,Ortega,1032 Buena Vista,North Ryde,97355,New South Wales,US,AOrtega@yahoo.com,8185644564,presenterAndrea,Campbell,1032 Coats Road,Stoke-on-Trent,97355,England,US,ACampbell@yahoo.com,8185644564,presenterJeremy,Peterson,1035 Arguello Blvd.,San Diego,97355,California,US,JPeterson@yahoo.com,8185644564,presenterArianna,Ramirez,1036 Mason Dr,Port Orchard,97355,Washington,US,ARamirez@yahoo.com,8185644564,presenterMario,Sharma,1039 Adelaide St.,Port Macquarie,97355,New South Wales,US,MSharma@yahoo.com,8185644564,organizerAdam,Collins,104 Hilltop Dr.,Concord,97355,California,US,ACollins@yahoo.com,8185644564,organizerTaylor,Martin,1040 Greenbush Drive,Newton,97355,British Columbia,US,TMartin@yahoo.com,8185644564,organizerGabriel,Collins,1040 Northridge Road,Woodland Hills,97355,California,US,GCollins@yahoo.com,8185644564,organizerRandall,Martin,1042 Hooftrail Way,Newcastle,97355,New South Wales,US,RMartin@yahoo.com,8185644564,organizerSamantha,Jenkins,1046 Cloverleaf Circle,Shawnee,97355,British Columbia,US,SJenkins@yahoo.com,8185644564,studentJustin,Simmons,1046 San Carlos Avenue,Colma,97355,California,US,JSimmons@yahoo.com,8185644564,studentEthan,Winston,1047 Las Quebradas Lane,Oak Bay,97355,British Columbia,US,EWinston@yahoo.com,8185644564,studentHunter,Roberts,1048 Burwood Way,Haney,97355,British Columbia,US,HRoberts@yahoo.com,8185644564,studentNathaniel,Murphy,105 Woodruff Ln.,Oakland,97355,California,US,NMurphy@yahoo.com,8185644564,studentCharles,Wilson,1050 Creed Ave,Lebanon,97355,Oregon,US,CWilson@yahoo.com,8185644564,studentCarrie,Alvarez,1050 Greenhills Circle,Lane Cove,97355,New South Wales,US,CAlvarez@yahoo.com,8185644564,studentPaige,Alexander,1050 Greenhills Circle,Langley,97355,British Columbia,US,PAlexander@yahoo.com,8185644564,student